,business_status,formatted_address,geometry,icon,icon_background_color,icon_mask_base_uri,name,opening_hours,photos,place_id,plus_code,rating,reference,types,user_ratings_total,price_level,permanently_closed
0,OPERATIONAL,106台北市大安區羅斯福路四段1號,"{'location': {'lat': 25.0181251, 'lng': 121.540245}, 'viewport': {'northeast': {'lat': 25.01947492989272, 'lng': 121.5415948298927}, 'southwest': {'lat': 25.01677527010727, 'lng': 121.5388951701073}}}",https://maps.gstatic.com/mapfiles/place_api/icons/v1/png_71/restaurant-71.png,#FF9E67,https://maps.gstatic.com/mapfiles/place_api/icons/v2/restaurant_pinlet,韓風小舖,{'open_now': False},"[{'height': 3024, 'html_attributions': ['<a href=""https://maps.google.com/maps/contrib/101967387024597154566"">BIG BOSS</a>'], 'photo_reference': 'Aap_uECPaox1Fci3ljG949naA3bbeWl8O6XhEwIWXFDVAcPRvDnbIP52nvJyGHyHk0d2BA5N36hCtUI1SdrcPxPHF-i6PkzD30DO7gCbaGJDOAUW_kuLdtA9gtfh0ZidZ_NlxYC84gGDMXAR7vPvJ6lwigPtIHeePdnT6xBJDsO1Xq8_Ic6f', 'width': 4032}]",ChIJO2UT-yaqQjQRjfJsciO8uKI,"{'compound_code': '2G9R+73 大安區 台北市', 'global_code': '7QQ32G9R+73'}",4.3,ChIJO2UT-yaqQjQRjfJsciO8uKI,"['restaurant', 'food', 'point_of_interest', 'establishment']",41,,
1,OPERATIONAL,106台北市大安區羅斯福路四段1號,"{'location': {'lat': 25.0180274, 'lng': 121.5401916}, 'viewport': {'northeast': {'lat': 25.01937722989272, 'lng': 121.5415414298927}, 'southwest': {'lat': 25.01667757010728, 'lng': 121.5388417701073}}}",https://maps.gstatic.com/mapfiles/place_api/icons/v1/png_71/restaurant-71.png,#FF9E67,https://maps.gstatic.com/mapfiles/place_api/icons/v2/restaurant_pinlet,國立臺灣大學第一學生活動中心餐廳,{'open_now': False},,ChIJH3OHP_2rQjQR0n696aL8sVE,"{'compound_code': '2G9R+63 大安區 台北市', 'global_code': '7QQ32G9R+63'}",4.4,ChIJH3OHP_2rQjQR0n696aL8sVE,"['restaurant', 'food', 'point_of_interest', 'establishment']",10,1.0,
2,OPERATIONAL,106大安區羅斯福路四段1號,"{'location': {'lat': 25.0180274, 'lng': 121.5401916}, 'viewport': {'northeast': {'lat': 25.01937722989272, 'lng': 121.5415414298927}, 'southwest': {'lat': 25.01667757010728, 'lng': 121.5388417701073}}}",https://maps.gstatic.com/mapfiles/place_api/icons/v1/png_71/restaurant-71.png,#FF9E67,https://maps.gstatic.com/mapfiles/place_api/icons/v2/restaurant_pinlet,活大餐廳,{'open_now': False},"[{'height': 3000, 'html_attributions': ['<a href=""https://maps.google.com/maps/contrib/113679672604246647149"">思涵</a>'], 'photo_reference': 'Aap_uEDBokWsEwidgSzhoOJjhLGAfz-WXPI5y6DakdPPp_n8pW-G459oB8-xuLRakw2aV-DBhMgz_8wr9bsKC1t5S6QKeYASimsHChSH-tebnsMuqOzcEhCdzYYjpkseI45gjBkAMwLkSb_zioO_rerigJ2-c-S4l5DcCFJP9evAHBUpKwa9', 'width': 4000}]",ChIJefszjImpQjQR5OrkMvGGapg,"{'compound_code': '2G9R+63 大安區 台北市', 'global_code': '7QQ32G9R+63'}",4.1,ChIJefszjImpQjQR5OrkMvGGapg,"['restaurant', 'food', 'point_of_interest', 'establishment']",110,1.0,
3,OPERATIONAL,106台北市大安區羅斯福路四段1號,"{'location': {'lat': 25.0180576, 'lng': 121.540306}, 'viewport': {'northeast': {'lat': 25.01940742989272, 'lng': 121.5416558298927}, 'southwest': {'lat': 25.01670777010728, 'lng': 121.5389561701073}}}",https://maps.gstatic.com/mapfiles/place_api/icons/v1/png_71/restaurant-71.png,#FF9E67,https://maps.gstatic.com/mapfiles/place_api/icons/v2/restaurant_pinlet,食香園素食館,{'open_now': False},"[{'height': 3024, 'html_attributions': ['<a href=""https://maps.google.com/maps/contrib/117864167806997356229"">A Google User</a>'], 'photo_reference': 'Aap_uEC4m9DaohnD01kPtzPewKXdFaNt8ktFI7KJJmSje-7OjO01GS6Bvtow_l7WI3XJz5nU9cploUqm41LjEYRqQdiPNgbyBLvXNNyQy0fJCQGUx7iHYdSA0adabrlYT_qQ1q7TJwDHxtZXlS5eP6qA5r_rDf2jwZJQe3ndoiUn16vk4jI', 'width': 4032}]",ChIJefszjImpQjQRqZJVCqfXrhM,"{'compound_code': '2G9R+64 大安區 台北市', 'global_code': '7QQ32G9R+64'}",4.7,ChIJefszjImpQjQRqZJVCqfXrhM,"['restaurant', 'food', 'point_of_interest', 'establishment']",69,1.0,
4,OPERATIONAL,106台北市大安區辛亥路二段159號,"{'location': {'lat': 25.0216949, 'lng': 121.5406862}, 'viewport': {'northeast': {'lat': 25.02297252989272, 'lng': 121.5420341798928}, 'southwest': {'lat': 25.02027287010728, 'lng': 121.5393345201073}}}",https://maps.gstatic.com/mapfiles/place_api/icons/v1/png_71/restaurant-71.png,#FF9E67,https://maps.gstatic.com/mapfiles/place_api/icons/v2/restaurant_pinlet,貝菈小屋,{'open_now': False},"[{'height': 4608, 'html_attributions': ['<a href=""https://maps.google.com/maps/contrib/106407129510861519490"">hueifung Hsia</a>'], 'photo_reference': 'Aap_uECQc22hgSWCaZ-8PHfH2dpenowUFK7zDOglyFT4I3Bhud31cWckYDkKHYu7O3ikK4RiwB2qr_48w_B0oW1GxIiL0TyFhMbWn1EvnZ0h3z_xN1U6gaOXXoGt_F5v_OzpX3Wz_bcGqU8AbOXfYd-LOGpfRoTCDpxj7iJinTLwCHCB5wW6', 'width': 3456}]",ChIJD_lknCiqQjQRVGHx1rKAMAQ,"{'compound_code': '2GCR+M7 大安區 台北市', 'global_code': '7QQ32GCR+M7'}",4.5,ChIJD_lknCiqQjQRVGHx1rKAMAQ,"['restaurant', 'food', 'point_of_interest', 'establishment']",353,2.0,
5,OPERATIONAL,106台北市大安區羅斯福路四段1號貨櫃屋醉月湖旁,"{'location': {'lat': 25.0201336, 'lng': 121.5382255}, 'viewport': {'northeast': {'lat': 25.02148342989272, 'lng': 121.5395753298927}, 'southwest': {'lat': 25.01878377010728, 'lng': 121.5368756701072}}}",https://maps.gstatic.com/mapfiles/place_api/icons/v1/png_71/restaurant-71.png,#FF9E67,https://maps.gstatic.com/mapfiles/place_api/icons/v2/restaurant_pinlet,稍飽 燒肉廚房,{'open_now': False},"[{'height': 3456, 'html_attributions': ['<a href=""https://maps.google.com/maps/contrib/112422256712863409718"">林軍羽</a>'], 'photo_reference': 'Aap_uEACJkRdi4igG1YEYf4Ar5j95keoLavGJgGWgZFYrcqCPf920JF_93eC6r3xw9ZKWK0gIgb7ega80qRGSMNyKCSeF0CV2enHFJ2_mQL9hM29zbA0YXEB9G8COs_1NNK-OLU4v_JzRo_8aGx1UiyXjpFhxr6iiO6IAaNXJxTxLb9DsW9t', 'width': 4608}]",ChIJq_lLUsmrQjQRnY_4SAyMYMI,"{'compound_code': '2GCQ+37 大安區 台北市', 'global_code': '7QQ32GCQ+37'}",4.1,ChIJq_lLUsmrQjQRnY_4SAyMYMI,"['restaurant', 'food', 'point_of_interest', 'establishment']",118,,
6,OPERATIONAL,106台北市大安區和平東路二段118巷54弄21號,"{'location': {'lat': 25.0220545, 'lng': 121.5419524}, 'viewport': {'northeast': {'lat': 25.02336742989272, 'lng': 121.5433010798927}, 'southwest': {'lat': 25.02066777010728, 'lng': 121.5406014201073}}}",https://maps.gstatic.com/mapfiles/place_api/icons/v1/png_71/restaurant-71.png,#FF9E67,https://maps.gstatic.com/mapfiles/place_api/icons/v2/restaurant_pinlet,耍性子 Xai Xing Dé,{'open_now': False},"[{'height': 3024, 'html_attributions': ['<a href=""https://maps.google.com/maps/contrib/116185030809992807519"">chihlin yeh</a>'], 'photo_reference': 'Aap_uEAcwCp_EI9_9uOFmjWX0pH0VdqERca_rqkvltjGvYS4Kft-uTzL7Cfluxw6QIKENDT6EniqBTjR9P9CtnDh8GZTl01bOoMQ38SJMsTy2Vf5WBGIQtB4kDbC-zrSM_swPCWwxU-7XyjovySe9rXCraBeCEYWRhjeqWejAbu-7gK4UnK0', 'width': 4032}]",ChIJ-chwuSuqQjQRWteyrd4nbtg,"{'compound_code': '2GCR+RQ 大安區 台北市', 'global_code': '7QQ32GCR+RQ'}",4.4,ChIJ-chwuSuqQjQRWteyrd4nbtg,"['restaurant', 'food', 'point_of_interest', 'establishment']",237,2.0,
7,OPERATIONAL,106台北市大安區和平東路二段76巷23弄9號,"{'location': {'lat': 25.0224298, 'lng': 121.540362}, 'viewport': {'northeast': {'lat': 25.02374117989272, 'lng': 121.5416812298927}, 'southwest': {'lat': 25.02104152010728, 'lng': 121.5389815701073}}}",https://maps.gstatic.com/mapfiles/place_api/icons/v1/png_71/restaurant-71.png,#FF9E67,https://maps.gstatic.com/mapfiles/place_api/icons/v2/restaurant_pinlet,Toh-A 桌藏餐廳,{'open_now': False},"[{'height': 3024, 'html_attributions': ['<a href=""https://maps.google.com/maps/contrib/101386296655098223435"">Hsu Derek</a>'], 'photo_reference': 'Aap_uEAcsvPSECl0Vc-SARMQwTg2YttNLjWWBhPwbg7ZxRAEb4HmN1st-LwBmxBhfQxpFGaEbpyYPW2EF3J89oUlBOEsQjZeQ9g0dJg-RDqJwE-9QIvGM0ij6SroHFdgIXSlnlTWvxBebqUVaumKAMYbRMJvzXbXJLb-kg1P8FCMa_voIZq_', 'width': 4032}]",ChIJJfMujCiqQjQRzyGPjaePdDU,"{'compound_code': '2GCR+X4 大安區 台北市', 'global_code': '7QQ32GCR+X4'}",4.4,ChIJJfMujCiqQjQRzyGPjaePdDU,"['restaurant', 'food', 'point_of_interest', 'establishment']",881,4.0,
8,OPERATIONAL,106台北市大安區和平東路二段96巷15弄38號,"{'location': {'lat': 25.0232321, 'lng': 121.5426603}, 'viewport': {'northeast': {'lat': 25.02461552989272, 'lng': 121.5440146798927}, 'southwest': {'lat': 25.02191587010728, 'lng': 121.5413150201073}}}",https://maps.gstatic.com/mapfiles/place_api/icons/v1/png_71/restaurant-71.png,#FF9E67,https://maps.gstatic.com/mapfiles/place_api/icons/v2/restaurant_pinlet,3隻貓頭鷹文創,{'open_now': False},"[{'height': 2992, 'html_attributions': ['<a href=""https://maps.google.com/maps/contrib/105378784428586339637"">丁小麥</a>'], 'photo_reference': 'Aap_uEBxD0IA0E3NRGBpLSOQS2Fd8FOKJsmVr69ItSXObIdBW_Soj5k1zdqYaKK06WWMeqencgzhnObskp8UobTEW9b8dQpoXVPHinIOtmmAGkiQ14kze3CyRwP9cp888ORPlGYvS4jmA0YAiLrqObh2T8NUhZtT-pYG7z0SNspkGZYtxPNI', 'width': 5312}]",ChIJy9C51CiqQjQRNo3mr9NUXmg,"{'compound_code': '2GFV+73 大安區 台北市', 'global_code': '7QQ32GFV+73'}",4.2,ChIJy9C51CiqQjQRNo3mr9NUXmg,"['restaurant', 'food', 'point_of_interest', 'establishment']",1704,2.0,
9,OPERATIONAL,106台北市大安區和平東路二段118巷41號,"{'location': {'lat': 25.0231059, 'lng': 121.5429397}, 'viewport': {'northeast': {'lat': 25.02445787989272, 'lng': 121.5442451298927}, 'southwest': {'lat': 25.02175822010728, 'lng': 121.5415454701073}}}",https://maps.gstatic.com/mapfiles/place_api/icons/v1/png_71/restaurant-71.png,#FF9E67,https://maps.gstatic.com/mapfiles/place_api/icons/v2/restaurant_pinlet,Barkers,{'open_now': False},"[{'height': 3024, 'html_attributions': ['<a href=""https://maps.google.com/maps/contrib/104534400792712982496"">羅麗</a>'], 'photo_reference': 'Aap_uEAtXKLbPJh30o103UZddzsYTb6EHU1iBDk3D6zpd_TSGUSFaUMIgZi3PtQymLvVZYYAXWsu1I7zuS7rTynSPMkS8yxZs63AEp7-gXNWONz_P2d0KS0bkNt9vZFTZOIb5laXFoIJKvUGfFBBLinhFCYl5ASCtXlIXiQTqlk5-K4Kmqst', 'width': 4032}]",ChIJd5KIKy-qQjQRFO0JWwyuPEU,"{'compound_code': '2GFV+65 大安區 台北市', 'global_code': '7QQ32GFV+65'}",4.4,ChIJd5KIKy-qQjQRFO0JWwyuPEU,"['restaurant', 'food', 'point_of_interest', 'establishment']",660,2.0,
10,CLOSED_TEMPORARILY,106台北市大安區辛亥路二段203號,"{'location': {'lat': 25.0216606, 'lng': 121.5422577}, 'viewport': {'northeast': {'lat': 25.02293247989272, 'lng': 121.5436053298927}, 'southwest': {'lat': 25.02023282010728, 'lng': 121.5409056701073}}}",https://maps.gstatic.com/mapfiles/place_api/icons/v1/png_71/restaurant-71.png,#FF9E67,https://maps.gstatic.com/mapfiles/place_api/icons/v2/restaurant_pinlet,正香馬來西亞餐室（原正香海南雞飯）,,"[{'height': 3024, 'html_attributions': ['<a href=""https://maps.google.com/maps/contrib/111108175793510787485"">Hsien-Yao Shui</a>'], 'photo_reference': 'Aap_uEAIlENE64ohps114-a3O7Rq80Ff3BSFGqOdLLyNoRqUihodQim4xMSJxERu6tGyWAfPI4OZQbpdFKOkOS_TcZ2cGl1n-RpwdftW7sxd-fTplJervXWSApP3lc0XHTUF4GjvMVWz2GtlOQzdjbw4ekwAlhFtDQpOHuwY3gQv42DXj1GQ', 'width': 4032}]",ChIJZR_csSiqQjQRekmkeQAJf3c,"{'compound_code': '2GCR+MW 大安區 台北市', 'global_code': '7QQ32GCR+MW'}",4.1,ChIJZR_csSiqQjQRekmkeQAJf3c,"['restaurant', 'food', 'point_of_interest', 'establishment']",574,1.0,True
11,OPERATIONAL,106台北市大安區和平東路二段118巷61號,"{'location': {'lat': 25.0223343, 'lng': 121.5429034}, 'viewport': {'northeast': {'lat': 25.02368587989272, 'lng': 121.5442175798928}, 'southwest': {'lat': 25.02098622010728, 'lng': 121.5415179201073}}}",https://maps.gstatic.com/mapfiles/place_api/icons/v1/png_71/restaurant-71.png,#FF9E67,https://maps.gstatic.com/mapfiles/place_api/icons/v2/restaurant_pinlet,憶馬當鮮 馬來西亞風味料理,{'open_now': False},"[{'height': 3848, 'html_attributions': ['<a href=""https://maps.google.com/maps/contrib/101847278046628814838"">Chris Yeh</a>'], 'photo_reference': 'Aap_uECSfjAnzx_k4xXCqjSFPHmOvRZmXGLaF9-VyjwXr6cY0ippLF0QXV-j0tQoHZl-_EHp8XayBjyEn6QkDO3IC7F594lF9CVB56orYyUOjOrfkn7DfyG506w89GWLTuI-TNqo4xY1dlppV9HvrAKWCw3TuPPwlZCGDUCqdZfRoPk2V_Oj', 'width': 2886}]",ChIJuRn4NC-qQjQRJqj4LG88wys,"{'compound_code': '2GCV+W5 大安區 台北市', 'global_code': '7QQ32GCV+W5'}",4.4,ChIJuRn4NC-qQjQRJqj4LG88wys,"['restaurant', 'food', 'point_of_interest', 'establishment']",752,1.0,
12,OPERATIONAL,106台北市大安區辛亥路二段與號建國南路交叉口 台大次震宇宙館B1,"{'location': {'lat': 25.0217381, 'lng': 121.5372947}, 'viewport': {'northeast': {'lat': 25.02328092989272, 'lng': 121.5387412798927}, 'southwest': {'lat': 25.02058127010728, 'lng': 121.5360416201073}}}",https://maps.gstatic.com/mapfiles/place_api/icons/v1/png_71/restaurant-71.png,#FF9E67,https://maps.gstatic.com/mapfiles/place_api/icons/v2/restaurant_pinlet,JM Café & Bistro,{'open_now': False},"[{'height': 1840, 'html_attributions': ['<a href=""https://maps.google.com/maps/contrib/104959898695623865236"">A Google User</a>'], 'photo_reference': 'Aap_uEAXPCRc-S0MBfIlWDCILPIRWLoKp81B46CNu6qNJVkPrkfmZcRGbH4RTEaDTJr7T-o28QRwJa4tgSr4meBDEl5i6x2NenlYBSJhSlI6sNWdPLKBwNfYg0K9RNX_Cl31n6uKOeTdEp6FotSXGP22iKyuCd9-PCGg6Tu7dGp_t_v7vgXO', 'width': 4000}]",ChIJHVghQz-rQjQRxwaavs3AO9g,"{'compound_code': '2GCP+MW 大安區 台北市', 'global_code': '7QQ32GCP+MW'}",4.5,ChIJHVghQz-rQjQRxwaavs3AO9g,"['restaurant', 'food', 'point_of_interest', 'establishment']",103,,
13,OPERATIONAL,106台北市大安區舟山路280巷,"{'location': {'lat': 25.0150576, 'lng': 121.5350676}, 'viewport': {'northeast': {'lat': 25.01642817989272, 'lng': 121.5364435798927}, 'southwest': {'lat': 25.01372852010727, 'lng': 121.5337439201073}}}",https://maps.gstatic.com/mapfiles/place_api/icons/v1/png_71/restaurant-71.png,#FF9E67,https://maps.gstatic.com/mapfiles/place_api/icons/v2/restaurant_pinlet,大一女美食餐廳,{'open_now': False},"[{'height': 4608, 'html_attributions': ['<a href=""https://maps.google.com/maps/contrib/113106640501480618844"">RC Yu</a>'], 'photo_reference': 'Aap_uECCAfyKKBtzeuSaTOA0bU6Y_F0AgBwGQB_pw7VzZN2JYC-WtTCmdCI40jyihvLvLtwiy3OtNKecRjKzq6-G7asMo19bMfxuwEAVP3aidoeN4X2bCtJSjar2cBEy6zzMP8Bs0HwmVx89TCtgUzWcQeqNKugWyUUs-1AoLsEPYb6r87NT', 'width': 3456}]",ChIJQQ4fUYqpQjQRo8HegHH7Yew,"{'compound_code': '2G8P+22 大安區 台北市', 'global_code': '7QQ32G8P+22'}",4.1,ChIJQQ4fUYqpQjQRo8HegHH7Yew,"['restaurant', 'food', 'point_of_interest', 'establishment']",370,1.0,
14,OPERATIONAL,10663台北市大安區和平東路二段118巷46號一樓,"{'location': {'lat': 25.0228652, 'lng': 121.5428092}, 'viewport': {'northeast': {'lat': 25.02421512989272, 'lng': 121.5441641798927}, 'southwest': {'lat': 25.02151547010728, 'lng': 121.5414645201072}}}",https://maps.gstatic.com/mapfiles/place_api/icons/v1/png_71/restaurant-71.png,#FF9E67,https://maps.gstatic.com/mapfiles/place_api/icons/v2/restaurant_pinlet,卡瓦利印度料理KAVERI Indian Restaurant,{'open_now': False},"[{'height': 3024, 'html_attributions': ['<a href=""https://maps.google.com/maps/contrib/105540866185695031066"">兒</a>'], 'photo_reference': 'Aap_uEBpeS6NbcU-rp-a4d9RBQiuaietW1Sj61MEfSGk2YNZs4VltqMorSNaTISuBSuNFWk8Uo9bgINQ23Cv8MPdrUrMYzMBeDPfuz8ElUBG51k4u60QgjnWqNoXyQ4C6yboP3oNE2Uyc3U_6SLQ4Wn0pt83RIAxT4bQkGZ-mQ7Ej6dL_lO_', 'width': 4032}]",ChIJYzGgo9KrQjQRSe29fsEErI8,"{'compound_code': '2GFV+44 大安區 台北市', 'global_code': '7QQ32GFV+44'}",4.4,ChIJYzGgo9KrQjQRSe29fsEErI8,"['restaurant', 'food', 'point_of_interest', 'establishment']",335,,
15,OPERATIONAL,106台北市大安區基隆路四段43號,"{'location': {'lat': 25.0119407, 'lng': 121.5410802}, 'viewport': {'northeast': {'lat': 25.01316002989272, 'lng': 121.5422315298927}, 'southwest': {'lat': 25.01046037010727, 'lng': 121.5395318701073}}}",https://maps.gstatic.com/mapfiles/place_api/icons/v1/png_71/restaurant-71.png,#FF9E67,https://maps.gstatic.com/mapfiles/place_api/icons/v2/restaurant_pinlet,麗陽商場-台科大第三學生餐廳,{'open_now': False},"[{'height': 3024, 'html_attributions': ['<a href=""https://maps.google.com/maps/contrib/117010026129586694854"">Alin Cai</a>'], 'photo_reference': 'Aap_uED4YhmxnoipPFfpxFh_uZjay6GpC4WNijo8-QFtIhSYJ_iSOmkjgL94wtjLXinG43_jQL3GB5x3NoDy9vE8dWnl0vca8n_uRZAmOsIkX_cSwbPw19ZTn80nJw7bZsJxh0GvBNugJc_5GasdOQ27oaIMrME4hhl7fUq725r9jRKiR4vT', 'width': 4032}]",ChIJB37n1iOqQjQR42nDCTKP_gw,"{'compound_code': '2G6R+QC 大安區 台北市', 'global_code': '7QQ32G6R+QC'}",4.5,ChIJB37n1iOqQjQR42nDCTKP_gw,"['restaurant', 'food', 'point_of_interest', 'establishment']",138,1.0,
16,OPERATIONAL,106台北市大安區臥龍街20-5號,"{'location': {'lat': 25.0234295, 'lng': 121.5463594}, 'viewport': {'northeast': {'lat': 25.02477307989272, 'lng': 121.5478554298927}, 'southwest': {'lat': 25.02207342010728, 'lng': 121.5451557701072}}}",https://maps.gstatic.com/mapfiles/place_api/icons/v1/png_71/restaurant-71.png,#FF9E67,https://maps.gstatic.com/mapfiles/place_api/icons/v2/restaurant_pinlet,國立臺北教育大學學校餐廳,{'open_now': False},"[{'height': 3240, 'html_attributions': ['<a href=""https://maps.google.com/maps/contrib/104315799459429297444"">張沛齊</a>'], 'photo_reference': 'Aap_uECuaN63tLim6TLiy9aKEUakMCoiunT-mW9-76YyEYfQ3191k94uAu74nAfxiamGFV921JQzr8QIQdaOOYui-nMpkRzkVt84y0jWo1ONvN9r4dRkVGWTLvq3bf29_xN4PVnHN7pSqaWSdmCqqFeR4EsSU3-SD41mm2Ya2THD0rHNh09S', 'width': 4864}]",ChIJZeIwRC6qQjQRwb7V74LBcXY,"{'compound_code': '2GFW+9G 大安區 台北市', 'global_code': '7QQ32GFW+9G'}",3.9,ChIJZeIwRC6qQjQRwb7V74LBcXY,"['restaurant', 'food', 'point_of_interest', 'establishment']",149,1.0,
17,OPERATIONAL,106台北市大安區復興南路二段308巷5號,"{'location': {'lat': 25.0236612, 'lng': 121.542976}, 'viewport': {'northeast': {'lat': 25.02497492989272, 'lng': 121.5443253798928}, 'southwest': {'lat': 25.02227527010728, 'lng': 121.5416257201073}}}",https://maps.gstatic.com/mapfiles/place_api/icons/v1/png_71/restaurant-71.png,#FF9E67,https://maps.gstatic.com/mapfiles/place_api/icons/v2/restaurant_pinlet,卡帛素食烘培‧義式廚房‧港式餐點 總店,{'open_now': False},"[{'height': 2400, 'html_attributions': ['<a href=""https://maps.google.com/maps/contrib/117394836956750650366"">卡帛素食烘培‧義式廚房 總店</a>'], 'photo_reference': 'Aap_uEC6fe4MXrUlsJc_J2YBdS94-2L1dffoKe4bC8MrygJI54ZdDaW3YG1Ah54zObTVCOQG-A64OrHzZegBuu87_RsF9UvAsy1gkz1-iIgaFgp3ZAQaLXbXAnbWvfrSRaAKcwWpi8qfplZreNfNtvZLfM6-K6yhwhljFKE4bayiBAMw4ELe', 'width': 3600}]",ChIJuWw81C6qQjQRD7lOTyFReqs,"{'compound_code': '2GFV+F5 大安區 台北市', 'global_code': '7QQ32GFV+F5'}",4.2,ChIJuWw81C6qQjQRD7lOTyFReqs,"['restaurant', 'food', 'point_of_interest', 'establishment']",1035,2.0,
18,OPERATIONAL,106台北市大安區敦化南路二段200巷13號,"{'location': {'lat': 25.0229324, 'lng': 121.5476263}, 'viewport': {'northeast': {'lat': 25.02424727989272, 'lng': 121.5489736798927}, 'southwest': {'lat': 25.02154762010728, 'lng': 121.5462740201073}}}",https://maps.gstatic.com/mapfiles/place_api/icons/v1/png_71/restaurant-71.png,#FF9E67,https://maps.gstatic.com/mapfiles/place_api/icons/v2/restaurant_pinlet,千松谷日本料理,{'open_now': False},"[{'height': 3024, 'html_attributions': ['<a href=""https://maps.google.com/maps/contrib/112692139326577962985"">李謙誠</a>'], 'photo_reference': 'Aap_uECsWlSoCaG_nuCaXrqJ7o5z6g21SHLv4pH1rOQu7EtOtflVGBI-I4FaOfmRYZ6Dky4lq1dWwTtL817aNEuUOsE2KGHyTrMPuvG7Hs5ZAs-rXNcCTamJAVYr1DYWe8JrMaQGlclLF-rYBx1a4QZ6c3SxPpyXNKuZVnCzYTK2bvgFl99b', 'width': 4032}]",ChIJJbpnMC6qQjQReVq6J1vkalM,"{'compound_code': '2GFX+53 大安區 台北市', 'global_code': '7QQ32GFX+53'}",4.1,ChIJJbpnMC6qQjQReVq6J1vkalM,"['restaurant', 'food', 'point_of_interest', 'establishment']",225,2.0,
19,OPERATIONAL,106台北市大安區基隆路四段43號,"{'location': {'lat': 25.0120689, 'lng': 121.5409434}, 'viewport': {'northeast': {'lat': 25.01329562989272, 'lng': 121.5421059298927}, 'southwest': {'lat': 25.01059597010728, 'lng': 121.5394062701073}}}",https://maps.gstatic.com/mapfiles/place_api/icons/v1/png_71/restaurant-71.png,#FF9E67,https://maps.gstatic.com/mapfiles/place_api/icons/v2/restaurant_pinlet,天津蔥抓餅,{'open_now': False},"[{'height': 3024, 'html_attributions': ['<a href=""https://maps.google.com/maps/contrib/111603675693842860924"">伊織真名</a>'], 'photo_reference': 'Aap_uEDsRduAK97r8_DuJM6CkyDL8bFnNcF1v_9ptK3FIjUjT5IzBA6gx4_zLjBiYl80GjhWrL_08PTpU-KS4Eo4bxqzuOBa10BXVllooYDTEXROb-DvWiQiUsybnPA_XVejfj-XbTXe-1EyKF8mjUxpsrQ17F47phCHC3mO5zs4Gu4M8k24', 'width': 4032}]",ChIJQyVHDyGqQjQR09U2I3nF99Q,"{'compound_code': '2G6R+R9 大安區 台北市', 'global_code': '7QQ32G6R+R9'}",4.2,ChIJQyVHDyGqQjQR09U2I3nF99Q,"['restaurant', 'food', 'point_of_interest', 'establishment']",34,,
20,OPERATIONAL,106台北市大安區安和路二段122號,"{'location': {'lat': 25.0275656, 'lng': 121.5495856}, 'viewport': {'northeast': {'lat': 25.02891892989272, 'lng': 121.5509877298927}, 'southwest': {'lat': 25.02621927010727, 'lng': 121.5482880701073}}}",https://maps.gstatic.com/mapfiles/place_api/icons/v1/png_71/restaurant-71.png,#FF9E67,https://maps.gstatic.com/mapfiles/place_api/icons/v2/restaurant_pinlet,班杰諾義法餐廳,{'open_now': True},"[{'height': 3024, 'html_attributions': ['<a href=""https://maps.google.com/maps/contrib/118233230428407491526"">Tasha Liu</a>'], 'photo_reference': 'Aap_uEBlzPVuQ3TE9kzXHoxiisf83K80SzP6OOPI-eb4gn1OuzPDkquXSY2tMoOXXOhnDOgZjy-ylTkPWDi-1TrCh47wZECCIvcf3rgPrgDlabZqooXjN7SoeWVP89XCohUArSe7ON1Xd5rEQb-cpSqpPM9vuaOsEpXx7fgivx71Wa3E_AR6', 'width': 4032}]",ChIJs720N_GrQjQRiFWka_19TJU,"{'compound_code': '2GHX+2R 大安區 台北市', 'global_code': '7QQ32GHX+2R'}",4.6,ChIJs720N_GrQjQRiFWka_19TJU,"['restaurant', 'food', 'point_of_interest', 'establishment']",199,2.0,
21,OPERATIONAL,106台北市大安區復興南路二段385號,"{'location': {'lat': 25.0221749, 'lng': 121.5435367}, 'viewport': {'northeast': {'lat': 25.02352827989272, 'lng': 121.5448325798927}, 'southwest': {'lat': 25.02082862010728, 'lng': 121.5421329201073}}}",https://maps.gstatic.com/mapfiles/place_api/icons/v1/png_71/restaurant-71.png,#FF9E67,https://maps.gstatic.com/mapfiles/place_api/icons/v2/restaurant_pinlet,池先生kopitiam(大安店）,{'open_now': False},"[{'height': 4032, 'html_attributions': ['<a href=""https://maps.google.com/maps/contrib/109261410420239457536"">林家緯</a>'], 'photo_reference': 'Aap_uEAbVsCkcwCwMwJv_WBWjxWR_PlPEQdMQC_PNFQBLqppOxtMHJsuhlfq7obRISOhc9qCefDFjbrGTK66cryVCagicMsPzL5GBZaIBg84NQfkOzBrXYNt4NNwaa_RiIzG9jDTJ6EN6rnLss2-iKNn84AXoDOb67T4WXBHKV5MWMkhQvFe', 'width': 3024}]",ChIJq6qqqi-qQjQRoxGh8cVUmF8,"{'compound_code': '2GCV+VC 大安區 台北市', 'global_code': '7QQ32GCV+VC'}",4.3,ChIJq6qqqi-qQjQRoxGh8cVUmF8,"['restaurant', 'food', 'point_of_interest', 'establishment']",2447,2.0,
22,OPERATIONAL,10667台北市大安區和平東路二段265巷7號,"{'location': {'lat': 25.025571, 'lng': 121.5441169}, 'viewport': {'northeast': {'lat': 25.02692212989272, 'lng': 121.5454244798927}, 'southwest': {'lat': 25.02422247010728, 'lng': 121.5427248201073}}}",https://maps.gstatic.com/mapfiles/place_api/icons/v1/png_71/restaurant-71.png,#FF9E67,https://maps.gstatic.com/mapfiles/place_api/icons/v2/restaurant_pinlet,益生寵愛寵物餐廳,{'open_now': False},"[{'height': 2160, 'html_attributions': ['<a href=""https://maps.google.com/maps/contrib/116779609635362846262"">林紘熙</a>'], 'photo_reference': 'Aap_uEDDZtClzKdbbT_66mDFWU5xyySMD_0-oLiKJgifa6KNp4GHVtboTea0kpJ4Lu3YRQ43L72b6LwnEqXSnwLQ4ObToyeoVDqQgkEvTC2HaoMRZXnean_Sb-3iYK4fMp5MO7Ce5t8xfZpUZy2vzLWj2XuGTOkPOvmzQpkYno4sCYkNohhd', 'width': 2880}]",ChIJxdCaUW6rQjQRG_4kesV_xbs,"{'compound_code': '2GGV+6J 大安區 台北市', 'global_code': '7QQ32GGV+6J'}",4.9,ChIJxdCaUW6rQjQRG_4kesV_xbs,"['restaurant', 'food', 'point_of_interest', 'establishment']",146,,
23,CLOSED_TEMPORARILY,106台北市大安區羅斯福路四段83號2樓,"{'location': {'lat': 25.0133813, 'lng': 121.5363519}, 'viewport': {'northeast': {'lat': 25.01489417989272, 'lng': 121.5378006298927}, 'southwest': {'lat': 25.01219452010728, 'lng': 121.5351009701073}}}",https://maps.gstatic.com/mapfiles/place_api/icons/v1/png_71/restaurant-71.png,#FF9E67,https://maps.gstatic.com/mapfiles/place_api/icons/v2/restaurant_pinlet,Just Italian 義饗食堂,,"[{'height': 2268, 'html_attributions': ['<a href=""https://maps.google.com/maps/contrib/116309865629311154584"">Pocky He</a>'], 'photo_reference': 'Aap_uEBIctqIDpoOowP0JwbbtUSKaW6d8iyftKbnahb3kmP-CiE1IYGN5bbNdRE7loMx7p_Ip_WQiaLCzCOwL-Zm7R9nWnyThSOMBASzTuxno2UcGr772DBK4ppPu4riDcf8OLgOGBeR3DnQkutHkIV_qaoWCMFIuw7AgAdSH7byXoYIslL6', 'width': 4032}]",ChIJuyk2l4qpQjQRILRCQId5ZZA,"{'compound_code': '2G7P+9G 大安區 台北市', 'global_code': '7QQ32G7P+9G'}",3.9,ChIJuyk2l4qpQjQRILRCQId5ZZA,"['restaurant', 'food', 'point_of_interest', 'establishment']",1900,2.0,True
24,OPERATIONAL,106台北市大安區和平東路二段175巷12號,"{'location': {'lat': 25.0256115, 'lng': 121.5415714}, 'viewport': {'northeast': {'lat': 25.02696757989272, 'lng': 121.5430230798927}, 'southwest': {'lat': 25.02426792010728, 'lng': 121.5403234201073}}}",https://maps.gstatic.com/mapfiles/place_api/icons/v1/png_71/restaurant-71.png,#FF9E67,https://maps.gstatic.com/mapfiles/place_api/icons/v2/restaurant_pinlet,泔 米食堂,{'open_now': False},"[{'height': 2268, 'html_attributions': ['<a href=""https://maps.google.com/maps/contrib/114729509797910987491"">輕閉雙眼</a>'], 'photo_reference': 'Aap_uEBPzb30wBSItnvZ0_QB1Tn0CSMm9AV35DbdIV_D35-scNa4pwZBEMEgQfffXpdx-IJdx6tvVr6AgQ_aEWVqovjAJREc-MHkXVkqmGa0jzo6EIwMnMwVhEXwb7ZOfxLgwYTZTo4ov0PFItlZDME-eYf0xm84kwb_VUKJdFHy2HYJmxmE', 'width': 4032}]",ChIJ-_bmcoepQjQRbyPEa9bOjoE,"{'compound_code': '2GGR+6J 大安區 台北市', 'global_code': '7QQ32GGR+6J'}",4.5,ChIJ-_bmcoepQjQRbyPEa9bOjoE,"['restaurant', 'food', 'point_of_interest', 'establishment']",296,2.0,
25,OPERATIONAL,106台北市大安區基隆路二段279號,"{'location': {'lat': 25.0218, 'lng': 121.5499}, 'viewport': {'northeast': {'lat': 25.02317802989272, 'lng': 121.5512187298928}, 'southwest': {'lat': 25.02047837010727, 'lng': 121.5485190701073}}}",https://maps.gstatic.com/mapfiles/place_api/icons/v1/png_71/restaurant-71.png,#FF9E67,https://maps.gstatic.com/mapfiles/place_api/icons/v2/restaurant_pinlet,八九本鐵板燒,{'open_now': False},"[{'height': 3024, 'html_attributions': ['<a href=""https://maps.google.com/maps/contrib/116122218949418586314"">黃冠杰</a>'], 'photo_reference': 'Aap_uEDabTJx_nL_-IsP0pkg6D3IY7jcmzsjDiUcH6udOA1eNeFLKRmt2tYVBBYwmk_bKwYbMeLpSW7jSERUj2gGqfxXCmBSniZjrmpC1nTzL7z0nEZo7AxgwKcmFKU84FhszHas44js7h2B4YcJMhUD_x5WwHlkAiuCNcmtH6W3U2TiuRB6', 'width': 4032}]",ChIJQVHHSjCqQjQR0Jswx0HR5j0,"{'compound_code': '2GCX+PX 大安區 台北市', 'global_code': '7QQ32GCX+PX'}",4.5,ChIJQVHHSjCqQjQR0Jswx0HR5j0,"['restaurant', 'food', 'point_of_interest', 'establishment']",129,,
26,OPERATIONAL,106台北市大安區和平東路二段118巷4-1號,"{'location': {'lat': 25.0237878, 'lng': 121.5427594}, 'viewport': {'northeast': {'lat': 25.02506362989272, 'lng': 121.5441221798927}, 'southwest': {'lat': 25.02236397010728, 'lng': 121.5414225201073}}}",https://maps.gstatic.com/mapfiles/place_api/icons/v1/png_71/restaurant-71.png,#FF9E67,https://maps.gstatic.com/mapfiles/place_api/icons/v2/restaurant_pinlet,Ooh Cha Cha 自然食科技大樓 & Hooch,{'open_now': False},"[{'height': 3024, 'html_attributions': ['<a href=""https://maps.google.com/maps/contrib/110355272014643079242"">Angel An</a>'], 'photo_reference': 'Aap_uEApM3adGKxSadfcSu5k4rxZH5n6B3tBw1-zZKx0YS_eaMVZ8MwIGijR4e3ZdR8PVctUNDVQjO44_1A-Y1l0fDEdjZFjz4QXK6Ul_VnMxsNSjEAKEGJCKaGwmU79hvdpWsf1OQ7spMv5WH8xI1r6mfC7h-Qaboyu8ibZ8SU1-kUfiXON', 'width': 4032}]",ChIJv6_A1C6qQjQRjStbV42_fp0,"{'compound_code': '2GFV+G4 大安區 台北市', 'global_code': '7QQ32GFV+G4'}",4.4,ChIJv6_A1C6qQjQRjStbV42_fp0,"['restaurant', 'food', 'point_of_interest', 'establishment']",804,2.0,
27,OPERATIONAL,106台北市大安區羅斯福路四段85號,"{'location': {'lat': 25.0130396, 'lng': 121.5367878}, 'viewport': {'northeast': {'lat': 25.01425347989272, 'lng': 121.5379107798927}, 'southwest': {'lat': 25.01155382010727, 'lng': 121.5352111201073}}}",https://maps.gstatic.com/mapfiles/place_api/icons/v1/png_71/restaurant-71.png,#FF9E67,https://maps.gstatic.com/mapfiles/place_api/icons/v2/restaurant_pinlet,曉鹿鳴樓上海菜,{'open_now': False},"[{'height': 3024, 'html_attributions': ['<a href=""https://maps.google.com/maps/contrib/105879598845940339708"">Ching Yuan Cheng</a>'], 'photo_reference': 'Aap_uEAH3Z_pgHM1aonhpeRlKYF-cKwDHTdyacTl-G0GRWZNYZrI0Y724po-hDuGH5I-E6rfJZNykI8DxOdkpztDak10kU0AWlv8SLAaWIrwQobH0ss-w7EY8xjEfllBr510fiiV1Rmg0VdtyxwYEnj6qQADElNhCx2hUZaODl25yBml5nEV', 'width': 4032}]",ChIJM87qooqpQjQRf0clMVZqC0Q,"{'compound_code': '2G7P+6P 大安區 台北市', 'global_code': '7QQ32G7P+6P'}",4.1,ChIJM87qooqpQjQRf0clMVZqC0Q,"['restaurant', 'food', 'point_of_interest', 'establishment']",1138,2.0,
28,OPERATIONAL,106台北市大安區羅斯福路三段283巷14弄30號,"{'location': {'lat': 25.0184093, 'lng': 121.5328582}, 'viewport': {'northeast': {'lat': 25.01976237989272, 'lng': 121.5341595798928}, 'southwest': {'lat': 25.01706272010728, 'lng': 121.5314599201073}}}",https://maps.gstatic.com/mapfiles/place_api/icons/v1/png_71/restaurant-71.png,#FF9E67,https://maps.gstatic.com/mapfiles/place_api/icons/v2/restaurant_pinlet,好處 Have A Nice Day - (人氣必吃 推薦聚餐、小酌),{'open_now': False},"[{'height': 600, 'html_attributions': ['<a href=""https://maps.google.com/maps/contrib/108708093084300149426"">A Google User</a>'], 'photo_reference': 'Aap_uEBGR8jORNol7BGoReva_EP6j82KGNns27vUzPS00TpJZicKuMx7MYCyU_Z8I-3DYl9yLzdRd6-nI9I2APG9cUft1mXJsJx0Jibg5M_OPLBNMj7xE2vLVkVWmkFZCN7XDpKh43djSKlkxFZj3HK4foDD9aZkVaqFVBN_XAOcw8fF9T6T', 'width': 600}]",ChIJ6xM2ZompQjQRnuDvmNIzDdA,"{'compound_code': '2G9M+94 大安區 台北市', 'global_code': '7QQ32G9M+94'}",4.1,ChIJ6xM2ZompQjQRnuDvmNIzDdA,"['bar', 'restaurant', 'food', 'point_of_interest', 'establishment']",818,2.0,
29,OPERATIONAL,106台北市大安區敦化南路二段172巷34號,"{'location': {'lat': 25.0240332, 'lng': 121.5467347}, 'viewport': {'northeast': {'lat': 25.02538572989272, 'lng': 121.5480846798927}, 'southwest': {'lat': 25.02268607010728, 'lng': 121.5453850201073}}}",https://maps.gstatic.com/mapfiles/place_api/icons/v1/png_71/restaurant-71.png,#FF9E67,https://maps.gstatic.com/mapfiles/place_api/icons/v2/restaurant_pinlet,香葉泰式料理餐廳,{'open_now': False},"[{'height': 3024, 'html_attributions': ['<a href=""https://maps.google.com/maps/contrib/112272791962784689523"">Shang En Wu</a>'], 'photo_reference': 'Aap_uEBJgUk9Sq0u_Jpc_JBmPx6IJCyA4DygWGCNHVWXASH0f76lZ3iTKXRVsU2fcEafxL2F2XJjlOiLkwjH1vlhbasGOMC5GUTdxVlOO87N3ZIkvQjuNhYRnA7Y_hL-G3afFcXhtQaVv8PEQLBGnLLFyr-mtL4KxBhY6Gwd4Aj1U9L8QME4', 'width': 4032}]",ChIJYz3mai6qQjQRUr2dTbz9Lzs,"{'compound_code': '2GFW+JM 大安區 台北市', 'global_code': '7QQ32GFW+JM'}",4.0,ChIJYz3mai6qQjQRUr2dTbz9Lzs,"['restaurant', 'food', 'point_of_interest', 'establishment']",413,2.0,
30,OPERATIONAL,106台北市大安區羅斯福路四段85號106 捷運公館2號出口，台大二活停車場旁台大第二活動中心二樓,"{'location': {'lat': 25.0127898, 'lng': 121.5367879}, 'viewport': {'northeast': {'lat': 25.01405617989272, 'lng': 121.5379630298928}, 'southwest': {'lat': 25.01135652010728, 'lng': 121.5352633701073}}}",https://maps.gstatic.com/mapfiles/place_api/icons/v1/png_71/restaurant-71.png,#FF9E67,https://maps.gstatic.com/mapfiles/place_api/icons/v2/restaurant_pinlet,小蔬杭 絕對蔬食(台大二活店）,{'open_now': False},"[{'height': 4032, 'html_attributions': ['<a href=""https://maps.google.com/maps/contrib/108286934393858522737"">Tanya 妞</a>'], 'photo_reference': 'Aap_uEAIZawpftLQ2kbRkVDn4aTghaH4uCxSfbxdpeuFzzVvhekjiiAgCu7P_8nksiCANqOBNjlrCsXhOhZb_vdVbsrgZ3mkpqxy6MGDTFYKdXmbhnQKKGcJ1tiyD0gdgEtIcP4z8cGYGXbstj8H9l2xdBbR_vCICtEUgzh3GCIMsJM8lDiU', 'width': 3024}]",ChIJ9w6J70ipQjQRYZj_G-csbFo,"{'compound_code': '2G7P+4P 大安區 台北市', 'global_code': '7QQ32G7P+4P'}",4.1,ChIJ9w6J70ipQjQRYZj_G-csbFo,"['restaurant', 'food', 'point_of_interest', 'establishment']",531,2.0,
31,OPERATIONAL,106台北市大安區和平東路二段118巷2弄1號1樓,"{'location': {'lat': 25.0244956, 'lng': 121.542763}, 'viewport': {'northeast': {'lat': 25.02580902989272, 'lng': 121.5441232298927}, 'southwest': {'lat': 25.02310937010728, 'lng': 121.5414235701073}}}",https://maps.gstatic.com/mapfiles/place_api/icons/v1/png_71/restaurant-71.png,#FF9E67,https://maps.gstatic.com/mapfiles/place_api/icons/v2/restaurant_pinlet,麵工坊義大利麵 大安店,{'open_now': False},"[{'height': 3360, 'html_attributions': ['<a href=""https://maps.google.com/maps/contrib/106264659829820487120"">A Google User</a>'], 'photo_reference': 'Aap_uED6axgSpCRCNZi5Dlhva-t9dy0tLjp3Qt2CcUtLGSmC4beww-qJfEZOc7ytDPnPpN5L4SHfZERWrXyrzT1eCTex1LnD5jgckdDnewQafArDxFn4k_k1TJi35tW-_XXdHtx7d4uKDfzYq4V0AGqYn1WIFDelT4L_IrfEB50lJZ5Zr-pO', 'width': 5040}]",ChIJyZVhyy6qQjQRwfSyA51_YQk,"{'compound_code': '2GFV+Q4 大安區 台北市', 'global_code': '7QQ32GFV+Q4'}",4.0,ChIJyZVhyy6qQjQRwfSyA51_YQk,"['restaurant', 'food', 'point_of_interest', 'establishment']",549,2.0,
32,OPERATIONAL,106台北市大安區復興南路二段379號,"{'location': {'lat': 25.0222665, 'lng': 121.5435347}, 'viewport': {'northeast': {'lat': 25.02361717989272, 'lng': 121.5448324798927}, 'southwest': {'lat': 25.02091752010728, 'lng': 121.5421328201073}}}",https://maps.gstatic.com/mapfiles/place_api/icons/v1/png_71/restaurant-71.png,#FF9E67,https://maps.gstatic.com/mapfiles/place_api/icons/v2/restaurant_pinlet,芝加哥比薩,{'open_now': False},"[{'height': 3960, 'html_attributions': ['<a href=""https://maps.google.com/maps/contrib/101513889469834532605"">Chen Yi -Ju</a>'], 'photo_reference': 'Aap_uEDcDROPSu62oNXLiqzhjMwFsc4AV-IEvv-VY-eVbTXKdVZ1a_jbBUzb0TIg1KUYU1gu0iv4o_vjD2NARAVABrlu_w_l2cAYTba5fgK0H0FBhttx5rDkJWekSSOdKkAVNZvCQhVOj__ylbFmkektH-RmLHFRpWb1URZdvTOniD6CO8Ji', 'width': 6560}]",ChIJ-cZ5OS-qQjQRK62dGosfoW8,"{'compound_code': '2GCV+WC 大安區 台北市', 'global_code': '7QQ32GCV+WC'}",4.4,ChIJ-cZ5OS-qQjQRK62dGosfoW8,"['meal_takeaway', 'restaurant', 'food', 'point_of_interest', 'establishment']",602,2.0,
33,OPERATIONAL,106台北市大安區臥龍街11號,"{'location': {'lat': 25.0242428, 'lng': 121.5467308}, 'viewport': {'northeast': {'lat': 25.02559272989272, 'lng': 121.5480721798927}, 'southwest': {'lat': 25.02289307010728, 'lng': 121.5453725201073}}}",https://maps.gstatic.com/mapfiles/place_api/icons/v1/png_71/restaurant-71.png,#FF9E67,https://maps.gstatic.com/mapfiles/place_api/icons/v2/restaurant_pinlet,樂食堂,{'open_now': False},"[{'height': 4032, 'html_attributions': ['<a href=""https://maps.google.com/maps/contrib/107959562837815404891"">陳芷昀</a>'], 'photo_reference': 'Aap_uECEjXI_PEmBa7_nbQkpQ2UZ3-NshpTmTwQKgRVeRh2K3b1QYga4SHzV1UgdBD0Wpy_spz61VLjIgbdojg1k_R9myCkTn7PRYyGMFNp1U-JqBbQjqn5gi9nT4SC5FMirRI5LY17WEGjH44K5Fhgy8BbMEQgKpSWgENCGEqpxuau3kjxl', 'width': 3024}]",ChIJgfp8ay6qQjQRcxepniNoKa8,"{'compound_code': '2GFW+MM 大安區 台北市', 'global_code': '7QQ32GFW+MM'}",4.3,ChIJgfp8ay6qQjQRcxepniNoKa8,"['restaurant', 'food', 'point_of_interest', 'establishment']",591,2.0,
34,OPERATIONAL,106台北市大安區基隆路二段270號2樓,"{'location': {'lat': 25.0221357, 'lng': 121.5497489}, 'viewport': {'northeast': {'lat': 25.02366467989272, 'lng': 121.5512424798927}, 'southwest': {'lat': 25.02096502010728, 'lng': 121.5485428201073}}}",https://maps.gstatic.com/mapfiles/place_api/icons/v1/png_71/restaurant-71.png,#FF9E67,https://maps.gstatic.com/mapfiles/place_api/icons/v2/restaurant_pinlet,亞廬意大利窯烤吃到飽餐廳,{'open_now': False},"[{'height': 2250, 'html_attributions': ['<a href=""https://maps.google.com/maps/contrib/105941733561093559882"">Anne Hsieh</a>'], 'photo_reference': 'Aap_uEBXpcdwx5jp4Xm5BGhPheE4p97JiNiafYGVDgC7Kq7y5WGDNawSj1Dpp_DjxLnY1M3TAfVh_R54dmX9icFH7GZ4fZmakufRPHigR0zIyfiKETDiJ6f6SEMnL4kZSFzMIE7Dt3MDEN-6tT7j_uoHzx3wZpCNpophcIoazYzVXhnVPWq0', 'width': 4000}]",ChIJCVUzyjGqQjQR4-f5c8-keGc,"{'compound_code': '2GCX+VV 大安區 台北市', 'global_code': '7QQ32GCX+VV'}",4.4,ChIJCVUzyjGqQjQR4-f5c8-keGc,"['restaurant', 'food', 'point_of_interest', 'establishment']",2306,2.0,
35,OPERATIONAL,106台北市大安區新生南路三段76巷2號,"{'location': {'lat': 25.0192483, 'lng': 121.5335505}, 'viewport': {'northeast': {'lat': 25.02054702989272, 'lng': 121.5348938798927}, 'southwest': {'lat': 25.01784737010728, 'lng': 121.5321942201073}}}",https://maps.gstatic.com/mapfiles/place_api/icons/v1/png_71/restaurant-71.png,#FF9E67,https://maps.gstatic.com/mapfiles/place_api/icons/v2/restaurant_pinlet,光一肆號,{'open_now': False},"[{'height': 2240, 'html_attributions': ['<a href=""https://maps.google.com/maps/contrib/115111423928033949073"">高如燕</a>'], 'photo_reference': 'Aap_uEA6xZGeQdrJrz9SGmR-cOvUlwEpFRPleOi2h4HQc0zS9rABq53fB9GVluVE71KeM8IF6pKdzw57fUks__8IWhTExaXqO4A_UQ7BO57Sq7Zw8rPNIfPAIOAhBmDqCXUPJVyVVq-U2pzHXid0xPbH0-3YjQWG3VV5Cxtfre984dL6BtYj', 'width': 3968}]",ChIJ96O7DYmpQjQRwXiR9EspgkQ,"{'compound_code': '2G9M+MC 大安區 台北市', 'global_code': '7QQ32G9M+MC'}",4.3,ChIJ96O7DYmpQjQRwXiR9EspgkQ,"['restaurant', 'bar', 'food', 'point_of_interest', 'store', 'establishment']",2171,2.0,
36,OPERATIONAL,106台北市大安區基隆路二段225號,"{'location': {'lat': 25.0226952, 'lng': 121.5509871}, 'viewport': {'northeast': {'lat': 25.02409987989272, 'lng': 121.5522772298928}, 'southwest': {'lat': 25.02140022010728, 'lng': 121.5495775701073}}}",https://maps.gstatic.com/mapfiles/place_api/icons/v1/png_71/restaurant-71.png,#FF9E67,https://maps.gstatic.com/mapfiles/place_api/icons/v2/restaurant_pinlet,黑熊愛跳舞(MOON BEAR LOVES DANCING),{'open_now': False},"[{'height': 3024, 'html_attributions': ['<a href=""https://maps.google.com/maps/contrib/111962790891874943833"">raymond tsai</a>'], 'photo_reference': 'Aap_uEAgI6di2jpryHuTUp1EtM0k-61IFJRduM0MyRC5AxuZcPIeHvGMrbSyvZ0pDF-Gu2oK98iyt1011FSmJiQVlRZ3acsV9_5lw55lKN4N3_pFJNPfzVJdSqnzWV3ruBCOtOXfDYeiOqbhLbW4KmE9w3oXtY2rWdjAKLz-squQLWWFN0Zj', 'width': 4032}]",ChIJDTR3oTGqQjQRSPyf_xkD6_8,"{'compound_code': '2HF2+39 大安區 台北市', 'global_code': '7QQ32HF2+39'}",4.1,ChIJDTR3oTGqQjQRSPyf_xkD6_8,"['restaurant', 'food', 'point_of_interest', 'establishment']",501,2.0,
37,OPERATIONAL,"B1 No. 277號, 敦化南路二段大安區台北市10675","{'location': {'lat': 25.0248818, 'lng': 121.5490889}, 'viewport': {'northeast': {'lat': 25.02623237989272, 'lng': 121.5503881798927}, 'southwest': {'lat': 25.02353272010728, 'lng': 121.5476885201073}}}",https://maps.gstatic.com/mapfiles/place_api/icons/v1/png_71/restaurant-71.png,#FF9E67,https://maps.gstatic.com/mapfiles/place_api/icons/v2/restaurant_pinlet,主廚之家中點教學餐廳,{'open_now': False},"[{'height': 3492, 'html_attributions': ['<a href=""https://maps.google.com/maps/contrib/101663276145875503665"">Seyen 37</a>'], 'photo_reference': 'Aap_uED6cnJc7hfBkpTIqxzCjWLgF1oqCQBSwP8PnMJgQYv1eyX4pFn5gZ80uP2heZ-2U_osWZUxu1oZoKynBFAjBbyLUOQqBV9zrRirPSLy_fBMWU8rwesyJkrncvQCFQ0Ul_HvDQqKl5RMvXWv-jtCIe1gyzrByU-yfGIvihT2JYklBuwP', 'width': 4656}]",ChIJAf0YAzKqQjQRY60Q2RMfOtY,"{'compound_code': '2GFX+XJ 大安區 台北市', 'global_code': '7QQ32GFX+XJ'}",4.5,ChIJAf0YAzKqQjQRY60Q2RMfOtY,"['restaurant', 'bakery', 'food', 'point_of_interest', 'store', 'establishment']",390,2.0,
38,OPERATIONAL,106台北市大安區敦化南路二段168號,"{'location': {'lat': 25.024169, 'lng': 121.5483413}, 'viewport': {'northeast': {'lat': 25.02551847989272, 'lng': 121.5497597798927}, 'southwest': {'lat': 25.02281882010728, 'lng': 121.5470601201073}}}",https://maps.gstatic.com/mapfiles/place_api/icons/v1/png_71/restaurant-71.png,#FF9E67,https://maps.gstatic.com/mapfiles/place_api/icons/v2/restaurant_pinlet,北平同慶樓,{'open_now': False},"[{'height': 3024, 'html_attributions': ['<a href=""https://maps.google.com/maps/contrib/111253768262178691919"">Archeagus Gaming</a>'], 'photo_reference': 'Aap_uECGx00wluk7UBDagNzsYHdbVJP2yJpkvEmGN4o0ir_2eGM-hvF0ByTpCjWFl1OvHGZ6-PauOwKBy47unNNz86lZKvk9QmhxKbiriaOLI6JzmA0aRBEPP2UiVRlWY30jaSEaDOYn4Khj17udXtX5ga5OgMxRKP_s4ltJlWzURzO5wJ9l', 'width': 4032}]",ChIJKZjIHy6qQjQRvQrWjQCwsi4,"{'compound_code': '2GFX+M8 大安區 台北市', 'global_code': '7QQ32GFX+M8'}",4.0,ChIJKZjIHy6qQjQRvQrWjQCwsi4,"['restaurant', 'food', 'point_of_interest', 'establishment']",1041,2.0,
39,OPERATIONAL,10675台北市大安區敦化南路二段144號,"{'location': {'lat': 25.0255819, 'lng': 121.548288}, 'viewport': {'northeast': {'lat': 25.02693022989272, 'lng': 121.5497353298927}, 'southwest': {'lat': 25.02423057010728, 'lng': 121.5470356701073}}}",https://maps.gstatic.com/mapfiles/place_api/icons/v1/png_71/restaurant-71.png,#FF9E67,https://maps.gstatic.com/mapfiles/place_api/icons/v2/restaurant_pinlet,利休日本料理,{'open_now': False},"[{'height': 534, 'html_attributions': ['<a href=""https://maps.google.com/maps/contrib/109485610990488011139"">kenalice 0110</a>'], 'photo_reference': 'Aap_uEDK4Guf1AA3t2X-nBLM_Uz_CqWDOUNRTDpFextWiqDvKMeEp0DqC0ihsa4JK-PKWj2g4AE31ATpUWW4EfoKmcF7qCEgGfrM06pzfqgXFHbBERBPuOdIsyi7sy8PQmVak_wsH_lEmPgtQp7pxRkAHrunt5ZOuVZqhO0rigJctcKzACY', 'width': 800}]",ChIJh7A2Vt2rQjQRbkRqwi8pOKo,"{'compound_code': '2GGX+68 大安區 台北市', 'global_code': '7QQ32GGX+68'}",4.8,ChIJh7A2Vt2rQjQRbkRqwi8pOKo,"['restaurant', 'food', 'point_of_interest', 'establishment']",224,,
